문항번호,,문항,목적,쿼리,,,,
,,,,,,,,
,,[사원/조직/회사 섹터],,,,,,
1,한준,각 담당 사원이 관리 중인 상품 품목수 집계 조회,담당 사원별 업무량 분석,"select 
s.sa_id, s.saname, s.saemail, 
count(p.pro_id) as product_sawon_cnt
from sawon s
left join 
product p
on s.sa_id = p.sa_id
group by s.sa_id,s.saname,s.saemail
order by product_sawon_cnt desc;",,,,
,,,,,,,,
,,[구매/판매업체 섹터],,,,,,
2,상윤,구매자가 등록한 희망구매품목에서 실제로 구매한 희망구매품목 비율,위시 to 구매 전환비율 확인 ,"with buy_sc as 
(
        select p.pro_sc_id,p.proname 
                ,sc.pro_sc_type,b.buy_name,b.buy_id
        from product p 
                ,pro_sc sc 
                ,buyer b
                ,trade t,prodetail dt
        where p.pro_sc_id = sc.pro_sc_id
        and b.buy_id = t.buy_id
        and t.trade_id = dt.trade_id
        and p.pro_id = dt.pro_id
),
wish_sc as 
(
        select sc.pro_sc_id,b.buy_name 
                ,sc.pro_sc_type,b.buy_id
        from pro_sc sc,buyer b,target_product tg 
        where b.buy_id = tg.buy_id 
        and sc.pro_sc_id = tg.pro_sc_id
)
select round
(
        (
        select count(distinct w.buy_name||b.pro_sc_type)
        from buy_sc b,wish_sc w
        where w.pro_sc_id = b.pro_sc_id
        and w.buy_id = b.buy_id
        ) / 
        (select count(pro_sc_id) from target_product)
,2)*100""위시 to 구매 전환비율(%)""  
from dual;",,,,
3,한준,구매자 정보가 가장 많이 등록된 국가,가장 주문이 활발한 국가 파악,"select country_id, buyer_count
from (
select country_id, count(*) as buyer_count
from buyer
group by country_id
) sub
where buyer_count = (
select max(buyer_count)
from(
select count(*) as buyer_count
from buyer
group by country_id
));",,,,
4,현지,"희망구매건수가 15개 이상인 상품소분류명을 조회, 내림차순 정렬",구매업체 수요가 많은 품목 조회,"select 
pbc.pro_bc_type as 상품대분류명, 
pmc.pro_mc_type as 상품중분류명, 
psc.pro_sc_type as 상품소분류명,
count(tp.target_id) as 희망구매건수
from pro_bc pbc, pro_mc pmc, pro_sc psc, 
target_product tp, buyer b
where b.buy_id = tp.buy_id 
and tp.pro_sc_id = psc.pro_sc_id
and psc.pro_mc_id = pmc.pro_mc_id 
and pbc.pro_bc_id = pmc.pro_bc_id
group by pbc.pro_bc_type, pmc.pro_mc_type, 
psc.pro_sc_type
having count(tp.target_id) >= 15
order by 희망구매건수 desc;",,,,
,,,,,,,,
,,[상품/재고/카테고리 섹터],,,,,,     
5,호성,등록 후 3개월 이상 경과한 주문이 없는 상품의 비율을 소분류별로 조회,악성 재고 파악,"select 
sc.pro_sc_type as 소분류명,
count(case when p.pro_id not in (select pro_id from prodetail) 
then 1 end) as 주문없는상품수,
count(*) as 전체상품수,
to_char(round(count(case when p.pro_id not in (select pro_id from prodetail) then 1 end) / count(*) * 100,2),
'fm999,990.00' ) || '%' as 주문없는상품
from product p
join pro_sc sc on p.pro_sc_id = sc.pro_sc_id
where p.pro_reg_at <= add_months(sysdate, -3)
group by sc.pro_sc_type
order by 주문없는상품 desc;",,,,
6,호성,2025년 4~6월 동안 판매된 소분류별 총 매출 금액(재고*수량_소계)이 높은순으로 조회,지난분기의 실적 및 소분류별 판매동향 파악 목적,"select 
sc.pro_sc_type as 소분류명,
to_char(sum(pd.prodetail_amount * p.saleprice), 'fm$999,999,999,990.00') as 총매출금액
from prodetail pd
join trade t on pd.trade_id = t.trade_id
join product p on pd.pro_id = p.pro_id
join pro_sc sc on p.pro_sc_id = sc.pro_sc_id
where t.order_request_at between to_date('2025-04-01', 'yyyy-mm-dd') and to_date('2025-06-30', 'yyyy-mm-dd')
group by sc.pro_sc_type
order by 총매출금액 desc;",,,,
7,호성,2025년 1~6월 중 대분류(여성) 중분류(아우터) 소분류(자켓)의 상품 매출 금액 조회,특성 상품의 판매 매출 조회,"select 
bc.pro_bc_type as 대분류,
mc.pro_mc_type as 중분류,
sc.pro_sc_type as 소분류,
to_char(sum(pd.subtotal_price), 'fm$999,999,999,990.00') as 총매출금액
from prodetail pd
join trade t on pd.trade_id = t.trade_id
join product p on pd.pro_id = p.pro_id
join pro_sc sc on p.pro_sc_id = sc.pro_sc_id
join pro_mc mc on sc.pro_mc_id = mc.pro_mc_id
join pro_bc bc on mc.pro_bc_id = bc.pro_bc_id
where t.order_request_at 
between to_date('2025-01-01', 'yyyy-mm-dd')
and to_date('2025-06-30', 'yyyy-mm-dd')
and bc.pro_bc_type = '여자'
and mc.pro_mc_type = '아우터'
and sc.pro_sc_type = '자켓'
group by bc.pro_bc_type, mc.pro_mc_type, sc.pro_sc_type;",,,,
8,호성,"2025년 1~6월 소분류(셔츠,티셔츠,긴바지,반바지,자켓,코트)별 매출 금액 및 수량 조회",1년간의 매출 및 수량 조회 후 매출 목표 수립,"select 
sc.pro_sc_type as 소분류명,
to_char(sum(pd.subtotal_price), 'fm$999,999,999,990.00') as 총매출금액,
to_char(sum(pd.prodetail_amount), 'fm999,999,999,990') as 총판매수량
from prodetail pd
join trade t on pd.trade_id = t.trade_id
join product p on pd.pro_id = p.pro_id
join pro_sc sc on p.pro_sc_id = sc.pro_sc_id
where t.order_request_at between to_date('2025-01-01', 'yyyy-mm-dd') and to_date('2025-06-30', 'yyyy-mm-dd')
and sc.pro_sc_type IN ('셔츠', '티셔츠', '긴바지', '반바지', '자켓', '코트')
group by sc.pro_sc_type
order by 총매출금액 desc;",,,,
9,호성,"2025년 1~3월 대분류(남성,여성,키즈)의 국가별 매출 금액 및 수량 조회",상반기 정산용 매출 조회,"select 
bc.pro_bc_type as 대분류,
c.country_name as 국가명,
to_char(sum(pd.subtotal_price), 'fm$999,999,999,990.00') as 총매출금액,
to_char(sum(pd.prodetail_amount), 'fm999,999,999,990') as 총판매수량
from prodetail pd
join trade t on pd.trade_id = t.trade_id
join buyer b on t.buy_id = b.buy_id
join country c on b.country_id = c.country_id
join product p on pd.pro_id = p.pro_id
join pro_sc sc on p.pro_sc_id = sc.pro_sc_id
join pro_mc mc on sc.pro_mc_id = mc.pro_mc_id
join pro_bc bc on mc.pro_bc_id = bc.pro_bc_id
where t.order_request_at 
between to_date('2025-01-01', 'yyyy-mm-dd') and to_date('2025-03-31', 'yyyy-mm-dd')
and bc.pro_bc_type in ('남자', '여자', '키즈')
group by bc.pro_bc_type, c.country_name
order by bc.pro_bc_type, 총매출금액 desc;",,,,
10,호성,2025년 1~6월 소분류별 환불 금액 조회,환불금액 정리로 업체 정리 및 클레임 정리 목적,"select 
sc.pro_sc_type as 소분류명,
to_char(sum(r.refund_amount), 'fm$999,999,999,990.00') as 환불금액합계
from refund r
join trade t on r.trade_id = t.trade_id
join prodetail pd on t.trade_id = pd.trade_id
join product p on pd.pro_id = p.pro_id
join pro_sc sc on p.pro_sc_id = sc.pro_sc_id
where r.refund_at between to_date('2025-01-01', 'yyyy-mm-dd') and to_date('2025-06-30', 'yyyy-mm-dd')
group by sc.pro_sc_type
order by 환불금액합계 desc;",,,,
11,호성,2025년 1~6월 판매자별 판매 금액 및 정산금액 조회,판매자별 매입 및 정산 금액 확인 목적,"select 
s.sell_id,
s.sellname AS 판매자명,
to_char(nvl(sum(distinct pd_sales.총판매금액), 0), 'fm$999,999,999,990.00') as 총판매금액,
to_char(nvl(sum(distinct st_sales.총정산금액), 0), 'fm$999,999,999,990.00') AS 총정산금액
from seller s
left join (select p.sell_id,
sum(pd.subtotal_price) as 총판매금액
from prodetail pd
join trade t on pd.trade_id = t.trade_id
join product p on pd.pro_id = p.pro_id
where t.order_request_at between to_date('2025-01-01','yyyy-mm-dd') and to_date('2025-06-30','yyyy-mm-dd')
group by p.sell_id
) pd_sales on s.sell_id = pd_sales.sell_id
left join (select sell_id,
sum(set_amount) as 총정산금액
from settlement
where set_date between to_date('2025-01-01','yyyy-mm-dd') and to_date('2025-06-30','yyyy-mm-dd')
group by sell_id
) st_sales on s.sell_id = st_sales.sell_id
group by s.sell_id, s.sellname
order by 총판매금액 desc;",,,,
12,호성,2025년 6월 판매 금액이 $5000 이하인 상품소분류 조회,경비 절감 및 비인기 제품 파악 목적,"select 
sc.pro_sc_type AS 소분류명,
to_char(sum(pd.subtotal_price), 'fm$999,999,999,990.00') as 총판매금액
from prodetail pd
join trade t on pd.trade_id = t.trade_id
join product p on pd.pro_id = p.pro_id
join pro_sc sc on p.pro_sc_id = sc.pro_sc_id
where t.order_request_at between to_date('2025-06-01', 'yyyy-mm-dd') and to_date('2025-06-30', 'yyyy-mm-dd')
group by sc.pro_sc_type
having sum(pd.subtotal_price) <= 5000
order by 총판매금액;",,,,
13,호성,"2025년 1~6월 국가별 소분류(자켓, 코트) 상품 구매금액 조회",국가별 소분류 상품의 니즈 파악(계절에 맞는 상품 파악 목적),"select 
c.country_name as 국가명,
sc.pro_sc_type as 소분류명,
to_char(sum(pd.subtotal_price), 'fm$999,999,999,990.00') as 총구매금액
from prodetail pd
join trade t on pd.trade_id = t.trade_id
join buyer b on t.buy_id = b.buy_id
join country c on b.country_id = c.country_id
join product p on pd.pro_id = p.pro_id
join pro_sc sc on p.pro_sc_id = sc.pro_sc_id
where t.order_request_at between to_date('2025-01-01', 'yyyy-mm-dd') and to_date('2025-06-30', 'yyyy-mm-dd')
and sc.pro_sc_type IN ('자켓', '코트')
group by c.country_name, sc.pro_sc_type
order by sc.pro_sc_type, SUM(pd.subtotal_price) desc;",,,,
,,,,,,,,
,,[배송 섹터],,,,,,
14,한준,"2024년 10~12월, 2025년 1~3월 국가별 배송 완료 주문건수 중 상위 3개 국가를 조회하고 비교",주요 거래국 및 물류 집중도 파악,"select *
from (
select 
c.country_name AS 국가명,
nvl(q4.배송완료건수, 0) AS ""2024_4분기"",
nvl(q1.배송완료건수, 0) AS ""2025_1분기""
from country c
left join(
select d.country_id, count(*) as 배송완료건수
from delivery d
join delivery_status ds on ds.del_id = d.del_id
where ds.ds_status = '배송완료'
and ds.ds_date between to_date('2024-10-01', 'YYYY-MM-DD')
and to_date('2024-12-31', 'YYYY-MM-DD')
group by d.country_id) q4 on c.country_id = q4.country_id
left join(
select d.country_id, count(*) AS 배송완료건수
from delivery d
join delivery_status ds on ds.del_id = d.del_id
where ds.ds_status = '배송완료'
and ds.ds_date between to_date('2025-01-01', 'YYYY-MM-DD')
and to_date('2025-03-31', 'YYYY-MM-DD')
group by d.country_id) q1 on c.country_id = q1.country_id
order by (nvl(q4.배송완료건수, 0) + nvl(q1.배송완료건수, 0)) desc
)
where rownum <= 3;",,,,
15,한준,2025년 3~6월 배송완료된 주문 중 주문요청일과 배송완료일의 차이의 평균를 조회,주문-배송  평균소요일 파악,"select
round(avg(ds.ds_date - t.order_request_at),2) as 평균_소요일수
from delivery d
join delivery_status ds 
on d.del_id = ds.del_id
join trade t
on d.trade_id = t.trade_id
where ds.ds_status = '배송완료'
and ds.ds_date >= date '2025-03-01'
and ds.ds_date <  date '2025-07-01';",,,,
16,한준,2025년 3~6월 배송지연된 주문중  배송지연완료일시- 배송지연일시 의 평균조회 ,배송지연시 배송완료까지 걸리는 시간의 평균파악> 클레임 관리,"select 
round(avg(ds_end.ds_date - ds_start.ds_date), 2) as 평균_지연기간
from delivery_status ds_start
join delivery_status ds_end
on ds_start.del_id = ds_end.del_id
where ds_start.ds_status = '배송지연' 
and ds_end.ds_status = '배송지연완료'
and ds_end.ds_date > = date '2025-03-01'
and ds_end.ds_date < date '2025-07-01';",,,,
17,한준,"업체별 2025년 1분기(1~3월) 이내 배송완료된 주문의 주문번호, 배송업체명, 배송완료일을 조회", 배송완료 현황 및 업체별 처리량 파악,"select
da.agency_name as 배송업체명,
count(d.del_id) as 배송완료건수
from delivery d
join delivery_status ds on d.del_id = ds.del_id
join delivery_agency da on d.agency_id = da.agency_id
where ds.ds_status = '배송완료'
and ds.ds_date >= date '2025-01-01'
and ds.ds_date <  date '2025-04-01'
group by da.agency_name
order by count(d.del_id) desc;",,,,
,,,,,,,,
,,[결제/환불 섹터],,,,,,
18,현지,"총 주문 건수 top10인 구매업체 중 환불건이 없는 구매업체의 구매업체명, 주문건수를 조회",우수 고객 식별,"select b.buy_name as 구매업체명, 
count(t.trade_id) as 주문건수,
count(r.refund_id) as 환불건수
from 
trade t, refund r, buyer b
where b.buy_id in(
        select buy_id from(
                select b.buy_id, count(t.trade_id) as 업체별주문건수
                from trade t, buyer b
                where b.buy_id = t.buy_id
                group by b.buy_id
                order by 업체별주문건수 desc
        ) where rownum <= 10
) 
and t.trade_id = r.trade_id (+)
and b.buy_id (+) = t.buy_id
group by b.buy_name
having count(r.refund_id) < 1
order by 주문건수 desc;",,,,
19,현지,"2025년 4~6월 월별 환불건수와 상품명, 소분류번호를 조회",월별 환불 위험 상품군 파악,"select 
to_char(r.refund_at, 'YYYY-MM') as Month, 
count(r.refund_id) as 환불건수, 
p.proname as 상품명, 
psc.pro_sc_id as 상품소분류번호
from refund r, pro_sc psc, product p, 
prodetail pd, trade t 
where r.trade_id = t.trade_id 
and t.trade_id = pd.trade_id 
and pd.pro_id = p.pro_id 
and psc.pro_sc_id = p.pro_sc_id 
and r.refund_at >= '2025-04-01' 
and r.refund_at < '2025-07-01'
group by to_char(r.refund_at, 'YYYY-MM'), 
p.proname, psc.pro_sc_id
order by to_char(r.refund_at, 'YYYY-MM');",,,,
20,현지,"총 결제금액 대비 총 환불금액 비율(환불율)이 높은 순으로 환불율, 상품중분류, 상품소분류 조회","고위험 중분류상품군 식별, 품질 검토 목적","select
round(sum(nvl(r.refund_amount, 0)) / 
sum(t.total_payment_amount),3) as 환불율,
pbc.pro_bc_type as 상품대분류명,  
pmc.pro_mc_type as 상품중분류명,
psc.pro_sc_type as 상품소분류명
from refund r, trade t, prodetail pd, product p, 
pro_sc psc, pro_mc pmc, pro_bc pbc
where r.trade_id (+) = t.trade_id 
and t.trade_id = pd.trade_id (+) 
and pd.pro_id = p.pro_id (+) 
and psc.pro_sc_id (+) = p.pro_sc_id 
and pmc.pro_mc_id (+) = psc.pro_mc_id 
and pmc.pro_bc_id = pbc.pro_bc_id (+)
group by pmc.pro_mc_type, psc.pro_sc_type, 
pbc.pro_bc_type
having round(sum(nvl(r.refund_amount, 0)) / 
sum(t.total_payment_amount),3) > 0
order by 환불율 desc;",,,,
21, ,"2025 7~8월에 첫 주문한 신규 구매업체 top5의 이름과 총결제금액, 평균 중개취급수수료를 조회","최근 유입된 우수 고객, 평균 매출 기여도 파악","select *
from(
select b.buy_name 구매업체명, 
sum(t.total_payment_amount) as 총결제금액, 
round(avg(pd.handling_fee),2) as 평균중개취급수수료
from buyer b, trade t, prodetail pd
where b.buy_id = t.buy_id 
and t.trade_id = pd.trade_id and 
t.order_request_at >= '2025-06-01' 
and t.order_request_at < '2025-09-01'
and not exists(
select t2.buy_id from trade t2 where t2.buy_id = t.buy_id
and t2.order_request_at < '2025-06-01'
)
group by b.buy_name
order by sum(t.total_payment_amount) desc
)
where rownum <= 5;",,,,
22,현지,총결제금액 top10 구매업체의 환불건수와 환불사유를 조회,우수 고객의 환불 관리를 통한 이탈 방지,"select b.buy_name as 구매업체명, 
sum(t.total_payment_amount) as 업체별총결제금액, 
r.refund_reason as 환불사유, 
count(r.refund_id) as 환불건수
from buyer b, refund r, trade t
where b.buy_id in(
select buy_id from(
select b.buy_id, sum(t.total_payment_amount) 
as 업체별총결제금액
from trade t, buyer b
where b.buy_id = t.buy_id
group by b.buy_id
order by 업체별총결제금액 desc
) where rownum <= 10)
and t.trade_id = r.trade_id (+)
and b.buy_id (+) = t.buy_id
group by b.buy_name, r.refund_reason
order by 업체별총결제금액, 환불건수 desc;",,,,
23,현지,"2025 상반기(1~6월) 
국가별·상품중분류별 총결제금액을 내림차순으로 조회",국가별 선호하는 주력 중분류 상품 파악,"select 
c.country_name 국가명, 
pmc.pro_mc_type 상품중분류명,
round(sum(
case 
when t.order_request_at >= '2025-01-01' 
and t.order_request_at < '2025-04-01'
then t.total_payment_amount
else 0
end), 0) as ""2025 상반기 주문금액""
from 
country c, pro_mc pmc, trade t, pro_sc psc, 
product p, prodetail pd, buyer b
where c.country_id = b.country_id 
and b.buy_id = t.buy_id
and t.trade_id = pd.trade_id
and p.pro_id = pd.pro_id
and p.pro_sc_id = psc.pro_sc_id
and psc.pro_mc_id = pmc.pro_mc_id
group by c.country_name, pmc.pro_mc_type
order by 국가명, ""2025 상반기 주문금액"" desc;",,,,
24,현지,국가별 각 결제수단에 대한 총 결제금액 조회,국가별 거래 유형 파악 및 결제 대금 순환 파악 목적,"select
pm.method_name ""결제수단명"", 
c.country_name ""국가명"", 
round(sum(t.total_payment_amount), 0) ""총결제금액""
from 
trade t, payment_method pm, country c, buyer b
where 
pm.method_id = t.method_id
and t.buy_id = b.buy_id
and b.country_id = c.country_id
group by c.country_name, pm.method_name
order by ""총결제금액"" desc;",,,,
25,현지,환불사유가 '배송지연'인 배송건의 배송업체 조회,배송업체 품질 문제 파악 목적,"select r.refund_reason ""환불사유"",
da.agency_id ""배송업체번호"", 
da.agency_name ""배송업체명""
from refund r, delivery d, delivery_agency da, trade t
where da.agency_id = d.agency_id
and d.trade_id = t.trade_id
and t.trade_id = r.trade_id
and r.refund_reason like '%배송지연%';",,,,
26,현지,"2025 1분기(1~3월), 2분기(4~6월) 총중개수수료(매출)를 집계하고, 
각 분기별 매출이 높은 순으로 상품중분류명 조회","분기별 매출 비교, 주력 중분류상품군 파악","select
psc.pro_mc_id ""상품중분류번호"",
round(sum(
case when t.order_request_at >= '2025-01-01' 
and t.order_request_at < '2025-04-01'
then pd.handling_fee
else 0
end), 0) as ""1분기 매출액"",
round(sum(
case when t.order_request_at >= '2025-04-01' 
and t.order_request_at < '2025-07-01'
then pd.handling_fee 
else 0
end),0) as ""2분기 매출액""
from 
trade t, prodetail pd, product p, pro_sc psc
where 
psc.pro_sc_id = p.pro_sc_id
and p.pro_id = pd.pro_id
and pd.trade_id = t.trade_id
group by psc.pro_mc_id
order by ""1분기 매출액"" desc, ""2분기 매출액"" desc;",,,,
,,,,,,,,
,,[주문 / 거래 ],,,,,,
27,상윤,소분류 내 상품주문량이 (24년11월-25년2월)과 비교하여 (25년3월-25년6월)에 50% 이상 증가한 소분류항목 조회 ,트랜드인기제품파악,"select 
        sc.pro_sc_type""소분류""
        ,nvl(sum(feb.주문건수),0)""24년11월-25년2월주문""
        ,nvl(sum(june.주문건수),0)""25년3월-25년6월주문""
        ,round(
                (nvl(sum(june.주문건수),0)-nvl(sum(feb.주문건수),0))
                /nvl(sum(feb.주문건수),0)
        ,2)*100 ""증가율(%)""
from 
        product p,
        (select p.pro_id , count(dt.prodetail_id) as 주문건수 
                from product p, prodetail dt,trade t 
                where p.pro_id(+) = dt.pro_id 
                and t.trade_id(+) = dt.trade_id 
                and t.order_request_at 
                between TO_DATE('2024-11-01','yyyy-mm-dd')
                and TO_DATE('2025-02-28','yyyy-mm-dd')
                group by p.pro_id) feb,
        (select p.pro_id , count(dt.prodetail_id) as 주문건수
                from product p, prodetail dt,trade t 
                where p.pro_id(+) = dt.pro_id 
                and t.trade_id(+) = dt.trade_id 
                and t.order_request_at 
                between TO_DATE('2025-03-01','yyyy-mm-dd')
                and TO_DATE('2025-06-30','yyyy-mm-dd')
                group by p.pro_id) june,
        pro_sc sc 
where p.pro_id = feb.pro_id(+) 
        and p.pro_id = june.pro_id(+) 
        and p.pro_sc_id(+) = sc.pro_sc_id 
group by sc.pro_sc_type
having sum(feb.주문건수)*1.5<=sum(june.주문건수);",,,,
28,상윤,2024/11/15까지 주문이 안된 상품이 그 이후로 팔린 날짜 확인,비활성 상품의 활성화 시점 파악,"SELECT p.pro_id,p.proname,MIN(t.order_request_at)
FROM product p, prodetail dt, trade t 
WHERE p.pro_id = dt.pro_id 
AND t.trade_id = dt.trade_id 
AND p.pro_reg_at 
<= TO_DATE('20241115','YYYYMMDD') 
AND p.pro_id 
NOT IN 
        (
        SELECT dt1.pro_id
        FROM prodetail dt1,trade t1,product p1
        WHERE dt1.trade_id = t1.trade_id
        AND p1.pro_id = dt1.pro_id
        AND TRUNC(t1.order_request_at) 
        <= TO_DATE('20241115','YYYYMMDD')
        )
GROUP BY p.pro_id,p.proname 
HAVING MIN(t.order_request_at)
>= TO_DATE('20241116','YYYYMMDD');",,,,
29,상윤,2025년 8월 신용장거래 대비 계좌 거래 비율 ,결제 수단 선호도 조사,"SELECT
	ROUND
	(
		(
		SELECT COUNT(a.prodetail_id)
		FROM account a, prodetail dt, trade t
		WHERE dt.prodetail_id = a.prodetail_id
		AND t.trade_id = dt.trade_id
		AND t.order_request_at 
		BETWEEN TO_DATE('20250801','YYYYMMDD')
		AND TO_DATE('20250831','YYYYMMDD')
		) /
		(
    SELECT COUNT(l.prodetail_id)
    FROM lc l, prodetail dt, trade t
    WHERE dt.prodetail_id = l.prodetail_id
    AND t.trade_id = dt.trade_id
    AND t.order_request_at 
    BETWEEN TO_DATE('20250801','YYYYMMDD') 
    AND TO_DATE('20250831','YYYYMMDD')
    )
  ,2
  ) ""8월신용장대비계좌비율""
FROM dual;",,,,
30,상윤,1~3월 사이 누적금액 10000달러 이상 업체 추출 ,결제대금 상위 업체 파악,"select
        sum(dt.subtotal_price)""누적금액($)""
        ,s.sellname""업체명"" from prodetail dt
        ,seller s
        ,trade t
where s.sell_id = dt.sell_id 
        and t.trade_id = dt.trade_id 
        and order_request_at 
        between to_date('20250101','yyyymmdd')
        and to_date('20250331','yyyymmdd')
group by s.sellname
having sum(dt.subtotal_price) >= 10000
order by ""누적금액($)"" desc;",,,,
31,상윤,"주문상세 수량 합계가 1,500개 이상인 판매자",대형거래자 파악,"select * 
 from 
	 (
	 select 
		 b.buy_name""구매업체명""
		 ,sum(dt.prodetail_amount)""주문수량합계""
	 from prodetail dt,trade t,buyer b
	 where t.trade_id = dt.trade_id
	 and b.buy_id = t.buy_id
	 group by b.buy_name
	 )
 where 주문수량합계 >= 1500
 order by 주문수량합계 desc;",,,,
32,상윤,첫 주문 후 30일 이내 다시 주문한 구매자 목록 ,구매자 재이용률(리텐션) 분석,"with firstorder as
(
	select b_f.buy_name
		,b_f.buy_id
		,min(t_f.order_request_at)""첫주문일"" 
	from buyer b_f,trade t_f 
	where b_f.buy_id = t_f.buy_id 
	group by b_f.buy_id,b_f.buy_name
),
secondorder as
(
	select b1.buy_name
		,b1.buy_id
		,min(t1.order_request_at)""두번째주문일"" 
	from buyer b1,trade t1 
	where b1.buy_id = t1.buy_id 
	and
		t1.order_request_at >
		(
			select 
				min(t1_s.order_request_at)""첫주문일forsub""
			from trade t1_s 
			where t1.buy_id = t1_s.buy_id
		) 
	group by b1.buy_name,b1.buy_id
)
select a.buy_name, b.첫주문일,c.두번째주문일 
from buyer a,firstorder b,secondorder c
where a.buy_id = b.buy_id
and a.buy_id = c.buy_id
and (두번째주문일 - 첫주문일)<=30;",,,,
33,상윤,2025년 1월~6월까지 판매자별 주문상세건수 탑10 판매자 조회,판매자별로 판매활동량 파악,"select *
from 
(
	select s.sell_id
		,s.sellname
		,count(dt.prodetail_id) as ""주문건수""
	from seller s,prodetail dt,trade t
	where s.sell_id = dt.sell_id
	and t.trade_id = dt.trade_id
	and t.order_request_at 
	between to_date('20250101','yyyymmdd')
	and to_date('20250630','yyyymmdd')
	group by s.sell_id,s.sellname
	order by ""주문건수"" desc
)
where rownum <= 10 ;",,,,
34,상윤,24년 10월부터 25년 8월까지 달별 거래총액,플랫폼 전체 매출 추이 / 성장률 분석,"select to_char(t.order_request_at,'yyyy-mm')""월""
	,round(sum(dt.subtotal_price),0)""거래총액($)""
from prodetail dt,trade t
where t.trade_id = dt.trade_id
group by to_char(t.order_request_at,'yyyy-mm')
order by ""월"" asc;",,,,
35,상윤,국가별로 많이 주문된 중분류 top 1 추출 ,국가별 선호 분류 파악,"select *
from 
	(
	select c.country_name""나라이름""
		,mc.pro_mc_type""중분류 타입""
		,count(mc.pro_mc_type)""중분류주문건수""
		,rank() over
			(
			partition by c.country_name 
			order by count(mc.pro_mc_type) desc
			)""등수"" 
	from pro_mc mc,pro_sc sc,product p
		,prodetail dt,trade t,buyer b,country c
	where mc.pro_mc_id = sc.pro_mc_id 
	and sc.pro_sc_id = p.pro_sc_id 
	and p.pro_id = dt.pro_id 
	and t.trade_id = dt.trade_id 
	and b.buy_id = t.buy_id 
	and c.country_id = b.country_id
	and t.order_request_at 
	between to_date('20250101','yyyymmdd')
	and to_date('20250630','yyyymmdd')
	group by c.country_name , mc.pro_mc_type
	)
where 등수 = 1
order by ""나라이름"";",,,,
,,,,,,,,
,,[정산],,,,,,
36,한준,정산금액 대비 배송비 부담율,배송비 부담 비율 확인으로 비용 절감 및 효율성 개선 목적,"select
v.trade_id as 주문번호,
v.sell_id as 판매자번호,
v.settlement_amount as 정산금액,
round(
(nvl(d.totalcost, 0) / nvl(p2.seller_count, 1)) / v.settlement_amount * 100,2) as 배송비_부담율
from settlement_view v
join (
select 
p1.trade_id,
count(distinct p1.sell_id) as seller_count
from prodetail p1
group by p1.trade_id) p2 
on v.trade_id = p2.trade_id
left join delivery d on v.trade_id = d.trade_id
order by v.trade_id, v.sell_id;",,,,
37,한준,2025년 동안 주문 후 정산까지 걸린 평균시간,주문부터 정산 완료까지 프로세스 속도 모니터링 및 개선 목적,"select 
round(avg(ds.ds_date - t.order_request_at),2) as 평균총소요일
from trade t
join delivery d
on d.trade_id = t.trade_id
join delivery_status ds
on d.del_id = ds.del_id
where ds.ds_status = '배송완료'
and ds.ds_date between to_date('2025-01-01', 'yyyy-mm-dd')
and to_date('2025-08-24', 'yyyy-mm-dd')",,,,
38,한준,2025년 판매자별 평균 정산금액,판매자별 수익성 평가 및 정산 상태 모니터링 목적,"select
round(avg(평균정산금액),2) as ""2025평균정산금액""
from(
select
v.trade_id,
v.sell_id,
round(avg(v.settlement_amount),2) as 평균정산금액
from settlement_view v
join settlement s
on s.sell_id = v.sell_id
where s.set_date between to_date('2025-01-01', 'yyyy-mm-dd')
and to_date('2025-08-24', 'yyyy-mm-dd')
group by v.trade_id, v.sell_id);",,,,
39,한준,2024년 10월~12월과 2025년 1월~3월의 총정산금액을 비교하시오.,기간별(분기별) 정산 조회하여 정산 실적의 변화 및 성장을 파악하기 위함.,"select 
sum(case 
when s.set_date between to_date('2024-10-01', 'yyyy-mm-dd')
and to_date('2024-12-31', 'yyyy-mm-dd')
then v.settlement_amount
else 0
end) as ""2024_4분기_총정산금액"",
sum(case
when s.set_date between to_date('2025-01-01', 'yyyy-mm-dd')
and to_date('2025-03-31', 'yyyy-mm-dd')
then v.settlement_amount
else 0
end) as ""2025_1분기_총정산금액"",
round(
sum(case
when s.set_date between to_date('2024-10-01', 'yyyy-mm-dd')
and to_date('2025-12-31', 'yyyy-mm-dd')
then v.settlement_amount
else 0
end)
-
sum(case
when s.set_date between to_date('2025-01-01', 'yyyy-mm-dd')
and to_date('2025-03-31', 'yyyy-mm-dd')
then v.settlement_amount
else 0
end) ,2) as""증감금액""
from settlement_view v
join settlement s
on s.sell_id = v.sell_id
where s.set_date between to_date('2024-10-01', 'YYYY-MM-DD')
and to_date('2025-03-31', 'YYYY-MM-DD');",,,,
40,한준,주문마다 각판매자별로 얼마를 정산해줘야 하는지 정산금액을 계산하기,"주문에 다수 판매자 가 있는 경우가 존재하여 , 판매자 개별 각각 정산금액 조회 및 관리 하기 위함

총결제금액을 판매자별 매출 비율대로 나누고, 거기서 수수료와 배송비를 뺀값이 정산금액","select
t.trade_id,
s.sell_id,
round(
(t.total_payment_amount * (p2.seller_total_price / p2.total_trade_price))
- (nvl(p2.handling_fee, 0) + (nvl(d.totalcost, 0) / nvl(p2.seller_count, 1))), 2) as 정산금액
from trade t
join (
select 
p1.trade_id,
p1.sell_id,
p1.seller_total_price,
p1.handling_fee,
count(*) over (partition by p1.trade_id) as seller_count,      
sum(p1.seller_total_price) over (partition by p1.trade_id) as total_trade_price
from (
select 
p.trade_id,
p.sell_id,
sum(p.ask_price * p.prodetail_amount) as seller_total_price,
sum(p.handling_fee) as handling_fee
from prodetail p
group by p.trade_id, p.sell_id
) p1) p2 on t.trade_id = p2.trade_id
join seller s 
on p2.sell_id = s.sell_id
left join delivery d 
on t.trade_id = d.trade_id
order by t.trade_id asc;
",,,,
,,정산금액뷰 설정,뷰 사용해서 편하게 정산금액 조회,"create or replace view settlement_view as
select
t.trade_id,
s.sell_id,
round(
(t.total_payment_amount * (p2.seller_total_price / p2.total_trade_price))
- (nvl(p2.handling_fee, 0) + (nvl(d.totalcost, 0) / nvl(p2.seller_count, 1))), 2) as settlement_amount   
from trade t
join (
select 
p1.trade_id,
p1.sell_id,
p1.seller_total_price,
p1.handling_fee,
count(*) over (partition by p1.trade_id) as seller_count,
sum(p1.seller_total_price) over (partition by p1.trade_id) as total_trade_price
from (
select 
p.trade_id,
p.sell_id,
sum(p.ask_price * p.prodetail_amount) as seller_total_price,
sum(p.handling_fee) as handling_fee
from prodetail p
group by p.trade_id, p.sell_id
) p1 ) p2 on t.trade_id = p2.trade_id
join seller s on p2.sell_id = s.sell_id
left join delivery d on t.trade_id = d.trade_id",,,,